folder,session_id,folder_id,source_contact_segment_id,user_declared_contact_segment_id,rows,valid_26x_kalman_rows,schema_rows,row_count_mismatch,x_nonfinite_rows,raw_force_invalid_rows,kalman_force_invalid_rows,gap_gt_100ms_count,dt_median_ms,dt_max_ms,scientific_timestamp_rows,anchor_repair_source_row_offset,angle_source_sha256,alignment_axes,summary_sha256,session_sha256,schema_sha256,manifest_sha256
sine-35deg-both_seg-id-1_left,20260926_221939_163433,1,1,1,2050,2050,2050,False,0,0,0,1,33.342529,166.712159,0,,,"-y,-x,-z",df9818c027d8be3ebed8192fb24852712e998896553dc62085568fe7fde2a5fd,5a85331a9f83d8d0ba61ab5e2e5adee88fc545638ad5254ec2dee13765bdf431,1d43de96d9c826f3e771a18bda1442fa1608517e49f4895c79c28487850620d4,bbbe92d43b668e4c0fb9fc18466e3ed86808d7209f09d3b30258d46319c148bb
sine-35deg-both_seg-id-1_right,20260926_194059_958366,1,1,1,4702,4702,4702,False,0,0,0,1,33.341797,133.367187,0,,,"+y,-x,+z",b8ae651c661e7a2edc5d61cdbcaf36ccf1d2b941f78b88c78669a66f3e64f9e9,56993697d3ce1a9062b07f2c4913a7f42048f42b2237a12f6f8fbff1a3752d06,c2ba5c44c2e4fabf8857ec624e74298ba8478239d5e32166d5bbef139dbd4f1c,e505aa7f4c45e0bc67fc92e53514d0c5e6bcba7b015442e730311b4dd764a1a9
sine-35deg-both_seg-id-2_left,20260926_221701_537927,2,2,2,3297,3296,3297,False,0,0,1,0,33.342774,66.687256,0,,,"-y,-x,-z",69d0951b19d29a08051441b7e2294606f4954b63d27dd9b09b99180ef61c4abc,ea2c261bb713bde5d8b7807b1e89569ef7347573c4f9226b2c25a1cd3620f9ae,89220321040e8ed45e2e8239f3464379816f4705563018b6e06d22f17631a0b4,4d5d06ddaacabf6173da2f41b18aadb36455bc0987e5bc630454d798e0841a91
sine-35deg-both_seg-id-2_right,20260926_193748_086603,2,2,2,4289,4289,4289,False,0,0,0,0,33.342041,33.343506,0,,,"+y,-x,+z",99b97efc341317e1fc7cecd3f0f708563914a83b6c79115740f880438616ede9,0f70b6d43d81e2792a59084f9dc3c7abc3b8c130ae04d95e2f5dcc185c4ce90f,c32999cde63b69b6113fb224e12920cbf074c7fa740a873a44a5f92608cb54c1,c8b08c8769a19ddb4b888322836a272883f768fe6a377c7352ad4569f86bf25e
sine-35deg-both_seg-id-3_left,20260926_221349_366437,3,3,3,3838,3838,3838,False,0,0,0,0,33.343506,33.344483,0,,,"-y,-x,-z",fffb1497ee881056c679892727fb9bd3848a60f066dfddd22f5f4fe025a3dfef,d326091f4c1ea50ec8ac0c257af0ecdbf36f212c03c89890412ae0471c086a49,d5bfd8ffd96e2c135a26c32ded74b927d65e8544342cf221e249a5fadedbbb7b,739ee6e36ada04fdbcc02cb403676b07971567a3890c736068d83fab1f050b77
sine-35deg-both_seg-id-3_right,20260926_193144_191327,3,3,3,4247,4247,4247,False,0,0,0,0,33.342529,33.34375,0,,,"+y,-x,+z",3aadebf4ca20ed16856278509fa009c6c4835dd28ef6f847c9c58ec69b6e0771,a5f5be99e77b9d9374c23718b6bf700137e870b7f1e052178a18fc0d68ee1646,17ea02983eb19928f18b3931267486786db550bc56eb6ea928df4bd75e311fbb,7d7220fe086fa6a15de6e92bd370037d94620336064cfba47d046b0805037c0c
sine-35deg-both_seg-id-4_left,20260926_220509_041238,4,4,4,4896,4896,4896,False,0,0,0,0,33.350342,33.359375,0,,,"-y,-x,-z",e2a0f51b9db279a103c064f51f514bc7a7f8179853215a36fe7054ab538ce4db,afdb38afc9c10c364d44c4ed9e1be638043b466954dfbcb30317f3abac2c9f61,b128152555c7397814352e0b0c83cbc9fff0ee758a8dcd1b794073742ab6677b,aed205334c5a7b351b4758c0fce2ab002371148075df938ad8fa0e0015d7be45
sine-35deg-both_seg-id-4_right,20260926_192818_965271,4,4,4,4278,4278,4278,False,0,0,0,0,33.34082,33.341309,0,,,"+y,-x,+z",cbcea7f0a1b576fe3a35eed00b8aaec6bf289310099a1b740297a0af8eb7640f,80bfaf44835487fd89bbae8dfa497460e375fed5197e1e605a51999329b5726c,343caebb5139771123cf9973e2c44779e80c8d5d4e78f18eb2f62f3ccef9c131,4a317c1e74ae4e12ac5ff808020547928c7cc561b5b190fa273e6cacee59b5c5
sine-35deg-both_seg-id-5_left,20260926_220049_012849,5,5,5,5111,5111,5111,False,0,0,0,0,33.340088,66.680908,0,,,"-y,-x,-z",2cb060b39c9c4e18dd34f695094eed641aa1ac2c985982a1a378f545559db5a6,510eef9339fbe2df15e50d79e5a70a567af1ae02a3eb29e542874c3aa4c45411,0a4a8d61a0ba6ead19b5e8d243423b5f0803f8e635c187fe31c53aa99c41c0df,c49cbddec2e2643034e7c5740a2679cb06caa0808dfbee7b917ac423e9f7fdfe
sine-35deg-both_seg-id-5_right,20260926_192433_139097,5,5,5,4457,4457,4457,False,0,0,0,0,33.340332,33.341065,0,,,"+y,-x,+z",bfaff25071722a9d1f8030a2568180f6e67e5ba7d8bd4aa24630210543533591,dce0ac42757642cd843f06ee7eb347ccd10e090eee64d0aafe51a890b81f28de,231059e3fb80b18879c4d1186812379a15982b8b2e558742193df8b61eccc9d2,f5ab38fc20b32bf03c2a2b9dc586a7e20f34b1e601030bd74f32818aefa0f1ae
sine-35deg-both_seg-id-6_left,20260926_215600_442707,6,6,6,5238,5238,5238,False,0,0,0,1,33.338867,266.705566,0,,,"-y,-x,-z",860f7ed7e1bdf0444a7311454bd13fb59df7fd6e65ea6f89e09afb810d19000a,191b27409fb5d438335d4de7150b3e1dc700101318978ad18cd764f90d4835de,5c03e925f31ff77b895103b769e215b112de474d80043895a07e0a3cb9c0d8de,879213766c62bf53c39694eb876965f13473263029b1a22c6f09c383052642cb
sine-35deg-both_seg-id-6_right,20260926_192119_416060,6,6,6,4027,4027,4027,False,0,0,0,0,33.339599,66.678955,0,,,"+y,-x,+z",90aae56ef82b738a52283b2cf248031df9df626710c68299bf7619545b188554,4604cfb8fe1f5ed045f8e98cdaf61cee557bc100ca7859eae5671185a5a8b47f,9bae9945b56020e0b344c3357d5d42c40c7d3372a21be9487c5ab6c6dd415f95,8fb2a34561e99c25755d607447b6ce3dd3ae548bdb5e52c4a273f2ca7e53909a
sine-35deg-both_seg-id-7_left,20260926_215126_408298,7,7,7,6399,6399,6399,False,0,0,0,0,33.335937,66.674805,0,,,"-y,-x,-z",31aef237a96bb530d6573b2f74735e08ca58b1ff6a7ba76dadf6cd00489099d7,aca0ec4d596e6d8f0cd80cca5a9ab150ec8372fbfd0b72eee0b7b2fd1904eb80,a09393fd3537d4c0242c47eb98a566e44b38a2c1f3a4cc3b1743eb29878e7e03,89e39b909ceba6dd0df25fd5e9610520454e31e227d1a68d2043f89c88e90445
sine-35deg-both_seg-id-7_right,20260926_191300_259158,7,7,7,5226,5226,5226,False,0,0,0,1,33.342529,100.027832,0,,,"+y,-x,+z",ac7f2c35cb66dbd0b5dc074a3ec5fcebae2f0d630b10fcea7ed49fcdc480f2a4,d73cfb66c4c3faa9cc29048bd108ca1823e3c87515d1305a89e393cc032b06b3,20a2e72d25753fd0102e46c9cbedfdb9f28ec33ad357202e347ed4e74b7d72c6,e1c38f3d6a1b92efa6a10cc8e6e3550e9538c4670e913195a7a1037382208947
sine-35deg-both_seg-id-8_left,20260926_214527_689765,8,8,8,6637,6637,6637,False,0,0,0,0,33.342041,66.68457,0,,,"-y,-x,-z",b01d9ad0cb04631e8fc2ccd51e47cdea6b564f8750c5a59e5658eb7aa6e1397f,a53729d08b28ca559e2b2489616eed48a502dd8f3a746d3789008da6c978fed0,4cc8457a31192aa3d46387f4cef879561dc583adef74062f7de490ef3de68963,8771874f4f9830fd63d80b08452e25fcf5e926ce6e6da19b7922a5416a9affac
sine-35deg-both_seg-id-8_right,20260926_190236_910623,8,8,8,5630,5630,5630,False,0,0,0,1,33.346924,100.046143,0,,,"+y,-x,+z",0ec916c067f5162728842a2b826d471b38cb61f4e512d01752f0c759c6d65778,7d2e921241abaf70f0a304d8060fdfee26be37a28c21106d3902f9f2f72cc0e7,5de3ea452b33bf0cf2c38b2fa36777f2fe504d8aa31de56a1bb2c7fa17c11015,e15798ffbe67cb3f45927f53eaefc3ee2e27a33eed8a67d4e2d1136355cf4fdc
sine-35deg-both_seg-id-9_left,20260926_214002_965334,9,9,9,6705,6705,6705,False,0,0,0,1,33.341308,166.702393,0,,,"-y,-x,-z",2515df2f657130db22bc28fcd14aa10a616eb2d53a69fcf7cab58a44a70bc1aa,b0ef77e7c4d6bd5ba555ec2d2f1952db0286022521e4027a8d6e172afb45d3df,0e7271a66b50dcfb9b9886297ac0fa481c153749bc3e919bc76232d0e85bf581,ed57c4f27332a421642bef81e5b3f4374b8599ccef8e3d0acb63112b68bb93ec
sine-35deg-both_seg-id-9_right,20260926_185308_395345,9,9,9,6217,6217,6217,False,0,0,0,1,33.338623,133.352295,0,,,"+y,-x,+z",82a31036260531513fe695832bf2784500cbd3cc6c3e53b5986346a9a5aebc1d,113f4666628f92457af026397c8d93f3cddc8541ef9428b328d647499ec92060,340be3e26befb16eb98e99df91f09d552514166928917e8906fb3d88245ecb8d,81341e1999088a08d75676e13a952090bc7f6e299ff984714a9ef8534d12c286
sine-35deg-both_seg-id-10_left,20260926_212818_284417,10,10,10,6234,6234,6234,False,0,0,0,1,33.344238,133.381836,0,,,"-y,-x,-z",19ba923ea5a5c8f284d78d276b98d15f14aab345cdbd34a1bdbe4b0f0bd59f61,1f331f071903a39c0f0549caa10b3c29b1b738e06794c86b92ba17f03ad038a0,2ffe41e4086fa7733d4323f59746c1aed34eb66efa224fe7e623327813ab7c87,e83c0d91f403660b645c6da44fcce70ff8ee8b5a957664a6a688fccf40a9dbc5
sine-35deg-both_seg-id-10_right,20260926_184614_810131,10,10,10,6293,6293,6293,False,0,0,0,0,33.334473,33.336914,0,,,"+y,-x,+z",c9d749ec41faa8ef7ad7500d1812cecadf3b1dfb7e0a21c3c47fa4e559fad78f,86b28e49427accb6ec8da3ecc29217b98dda4971e363af985e83f59dd17fe277,93ad911b23470d617ccedd8a871e8115aad7580662529cc2805d559ecf27a906,05e6243d69c10b83a367668875ea3e0ecd2b9d75100f0893df7bc240463f1073
sine-35deg-both_seg-id-11_left,20260926_212239_563450,11,11,11,6263,6263,6263,False,0,0,0,0,33.345947,66.693847,0,,,"-y,-x,-z",c7e3d6c4983836f5103e5d9e3f45889610106b5d09197d26930dff3704f69945,fd448aabb5171934ffba56d6dc499fb8a105a5f1e2d2618eecfa9936db7f3c67,fad645496293f67c1f827cbfb1ed4ea33634a06ab5681d38c2619b5aafc05850,3e1f650869b711aeaeee4d7a221c9c8ecbbc13bc8d66dfb2fbae2c4386f7e2c2
sine-35deg-both_seg-id-11_right,20260926_184150_408179,11,11,11,4996,4996,4996,False,0,0,0,0,33.324219,33.329102,0,,,"+y,-x,+z",8e11c068d831a097aa821186adfbfcc4439404f7e8b6c54099bd37895353267d,6b3d5b9ca32b3a93942a6ab08909251fd138c5fefc1fa1e441fb84e0d779a642,26024822d0886aaf615d87a00576b3922a12b0c8bc70a11721ee241845c6aee4,8cb452612f0981b7b37b6e8e980c2f8ddba72928b8fb970fe6e3bb221186b0b5
sine-35deg-both_seg-id-12_left,20260926_211722_313452,12,12,12,7403,7402,7403,False,1,0,0,1,33.351074,166.779053,0,,,"-y,-x,-z",d4755175360058b33bec4ca35008993a92dad962d9a9fb374f9c375d31110ecc,9e9f039902244712028ffade05cb73677c81e68fd6f6ce4bab518534e9107d83,ac9966b7fee82ddb0c320225df566b7462d3c1e16f8821da4413c99640d0fa1b,d8113c8ad787c704d6e010d67b969c8a7bc5ecc8cbd456613b13b1c6c5674955
sine-35deg-both_seg-id-12_right,20260926_183818_269347,12,12,12,4443,4443,4443,False,0,0,0,1,33.342773,133.370117,0,,,"+y,-x,+z",41c194e1ff09a63fc7e0c574dadac26c8d0d3d0bba028c5b81cbb888f55d8753,58ba1887a6d307bb64b4884c14e592ceaaca2202006ef11fcc1f032940a6bfa5,30aaf4c81c3b8dbbeddf903d515926b701e0572945fcd62745e0fdc3a2a39b8c,0a52da664d204b29c93c311237ae0619957ebb2d79a75aeeb573d1735ce2bce4
sine-35deg-both_seg-id-13_left,20260926_211213_939412,13,13,13,7437,7437,7437,False,0,0,0,1,33.340577,100.021484,0,,,"-y,-x,-z",d2c1cecdf8a1c52a785d075eb1a76e3d543c1069c45698bfc75e2e94755b0015,869daa20eecbe3bed5011d039f0cbd3ae36a7080940a1e31bac5affe2812d7b8,26f01f676da06a52f14fe0284885f1e111403bc909708f813b6a1c6a432d7ebf,99b40441802a302926330657d4e2a1853d9534d63c67418150a7dad4962181d7
sine-35deg-both_seg-id-13_right,20260926_183454_860859,13,13,13,4479,4479,4479,False,0,0,0,0,33.342773,66.686035,0,,,"+y,-x,+z",194ed0f2adb6387a9c121b6351672bf83ee8f52352f22e27e25c0a8717aa7a4a,4f3faec2b2411476dc6d5269d8337ba60e31e88aea26b7e29b66bfb815c617ca,5431f9775ac6790fd38d31dd234f84397715b38264a2a66e1475211df9bd8b25,d165d4e793652d22364974f15347c18d0893719be9f62ab17a8736567bdfbebe
sine-35deg-both_seg-id-14_left,20260926_210702_185369,14,14,14,7446,7446,7446,False,0,0,0,0,33.340332,66.681153,0,,,"-y,-x,-z",220eb45aa15eb58763f2f56b5609d14b843e99f99fc6706a20e5e8645c1f12e0,02aa25cae62a7de619b8ee02e0608b087647aa2936a8424cfdf833728cece63b,b150073b76c1581366fdedebf16496435947b6786019f7ab64fedfb95eb6b82c,c942d860f5a339d691bd605f30436feb1ed4c7711430c5879bcc36498eebc3c1
sine-35deg-both_seg-id-14_right,20260926_182723_988066,14,14,14,4949,4949,4949,False,0,0,0,0,33.342774,33.343994,0,,,"+y,-x,+z",4815dd21511d43d95534b7deda351a5f1cdeb301a62d7027dcfc3c4da30384e3,417c0e4abb3040f27998ad7780c0b61b20c2382d4d1938255a1909967869122d,a80d66237aa9cca8eb78540714372c86fe880134db637bdbf375cb573fa68b23,319c4556ef610d9d5cb4b5b9ef9f50a5ddd0959e91ab15837350bf6ec4d04467
sine-35deg-both_seg-id-15_left,20260926_210126_824285,15,15,15,7398,7398,7398,False,0,0,0,0,33.340088,33.341797,0,,,"-y,-x,-z",1776221cafbc4315145f83ec98df14a604fa9277952daef6b39b593a5af0ff9f,caf1475fe63de97e4e8cc79b91bed98c5a9c0401c084ec392d0a73c37c0e5bc9,4a9f570c195450ed835e3f20f9af2c65f254f259be1446de1934ec051d47f7d7,23fabce4c9fbbf2b05c9466f848c2a11b24461d936a1ad3a69320e49cde2d7ee
sine-35deg-both_seg-id-15_right,20260926_175958_063786,15,15,15,5596,5596,5649,True,0,0,0,0,33.34,33.35,5596,53,b3beff555c65756ee2be31787c2ad41f55b10ddf78190edeb6bef4cd790281c1,"+y,-x,+z",d285b20d30896018cb620001f65b63fa0215e043b500ea8d5af19698b6eef616,4bb11d7a4881321bb20e492fbd0055579dda170ce6a9689b479a4a82db75750b,adb3dd8ba3a4b3efceedec0b048731a01d65d85edb4971f720917d4f6e9b85b7,18473ed8aec30514c5be73be8ea1e3150f1cda3f3fb25e460d1eccc3b58c1437
sine-35deg-both_seg-id-16_left,20260926_205636_364541,16,16,16,6048,6048,6048,False,0,0,0,1,33.3396,166.697998,0,,,"-y,-x,-z",9e9bc097d53ecd28e7c2bb01f33a5f9114096a079dcb8d7a561528fe315f527e,03375f707ac184b7a2005bebf23539a16e475e95b7cfab008fa8571029b2fb82,2229fd9901bdd4cc3aa584ad1ca79c0e999c3fca13de05f506ff48ab73b62839,9e41f4cf0249551536a51d3b79c6f5a28928e5b4610c5f22d2812929d1e58af2
sine-35deg-both_seg-id-16_right,20260926_174832_441013,16,16,16,5005,5005,5008,True,0,0,0,0,33.35,33.37,5005,3,9485fc924fc9071dc4d61a9f11fac121bae63cb4e260158bc811ee648d329e23,"+y,-x,+z",55732bdac04d92b3453a576779f3a566c0f78cffb5cd45df249419c438a84378,ad1523906f292dc9bdc85f208a90bd56c302f75c301703a74cf1bcbcca259467,cdb55eb1119a36eb8efe6f63ca7745063ee5862549e55561c8fbfe92e7c7f2a4,765deb26610475d50e3dec94e7cf8ba42643eda8486993eb34ce8a36face3772
sine-35deg-both_seg-id-17_left,20260926_205108_305565,17,17,17,7231,7231,7231,False,0,0,0,0,33.338867,33.339844,0,,,"-y,-x,-z",d093b5ac69c664baca5dd288bc814bf9d9454432d081116f697b3767d61cf4ca,901ab4870acc5f6ee6ef03a4c7f2e58b1055099eacb9a6720a43c1bf322e2116,9017df23aa4b1646c46d363b45d96bc0eb761be70a55ac43c80d9b7833ddcb15,b10128128e9a4e4dabef9be3254b21d8791bc57a21e325e0e346c308a4e880c1
sine-35deg-both_seg-id-17_right,20260926_173806_037702,17,17,17,5175,5175,5205,True,0,0,0,0,33.34,66.69,5175,30,145df59a30f563c70055bd24d8e399ab2b264727271e383c2050f505aa1c860b,"+y,-x,+z",1b10097395b0cc05319888cd3ef2f2b7f762509c760e1ba041e08a0f7b256895,1932136780bb63849f48d71b15258832e7e57df5c08d3a38505be153ab2ddc1e,c9ff1c1f3002aed8fc3e205f0dc2ad501eef40c8dfbd5aa51c03925fab6a59f2,9b2afbf1ffd43b12272d9cffa54338944f99d461475f40d9895e761bdd815292
sine-35deg-both_seg-id-18_left,20260926_202928_638928,18,18,18,9949,9949,9949,False,0,0,0,0,33.342773,66.686524,0,,,"-y,-x,-z",6bde64d2807e027daf791b9db88a8aeb84242afdd4a6c85afa16fae39994ab0e,89c0ec0d1f72f8470c89d237bba589646a40b0174c22a67b3d78e635c801b086,b747c8a39200ce2f813c6be206ec6203f783b0936d2901b36639f9d8e2973da9,ed67f87e01e34b375646fdcc9d6b1fbdc084e8cb4d796108958e006949d947e2
sine-35deg-both_seg-id-18_right,20260926_173345_163794,18,18,18,5770,5740,5799,True,30,0,0,0,33.35,66.71,5770,29,8f161de733ca95c1daf12cc1d2968b30a8fdd57ff07c1523664b7c78cee445de,"+y,-x,+z",4a37bf418ae1de06fb30dbe3076f383f81c58dedfb831c80d007ed0865f0050c,7117fe86958742d28084019b9d4892e497583dc2ae28fbab4ba04bc7de56af46,8c9d8142c6eafda128bc2597e29f841000c5a9b80e76620e45cea7b25f8fd1db,ff0bf7f81b13fc71699ddb51da06eefe362e35d7a96f0f56d150518dfb655d9e
sine-35deg-both_seg-id-18_right_2,20260926_194602_588445,18,1,18,6905,6905,6905,False,0,0,0,0,33.341553,33.343018,0,,,"+y,-x,+z",269578346b29158aafc7989051c872e71954f91d0a992665cedaf95d11b7c3af,398e4d1533045e290068f86be72627d29b66ac2f1c6ad3bb57a0842a9fbc9885,f761bc560075513377c6e95f95f7621db1c71cdbd847d55c6f2167a1bb00580f,c76d5168cc3b8872d596a78b603ffdf95c1c461ee939e382ec6dc97b0ba650ea
