role_folder,session,session_id,rows,all_selected_invalid_rows,usable_window_endpoints,window_samples,median_dt_ms,gap_count,raw_nonfinite_xyz_rows,raw_invalid_rows,raw_numeric_zero_xyz_rows,kalman_nonfinite_xyz_rows,kalman_invalid_rows,kalman_numeric_zero_xyz_rows,kalman_invalid_intervals,kalman_max_consecutive_invalid_rows,usable_windows_containing_invalid_kalman
trainsets,sine-35deg-both_seg-id-10_left,20260926_212818_284417,6234,0,6087,30,33.344238,5,0,0,0,0,0,0,0,0,0
trainsets,sine-35deg-both_seg-id-10_right,20260926_184614_810131,6293,0,6264,30,33.334473,0,0,0,0,0,0,0,0,0,0
trainsets,sine-35deg-both_seg-id-11_left,20260926_212239_563450,6263,0,6030,30,33.345947,8,0,0,0,0,0,0,0,0,0
trainsets,sine-35deg-both_seg-id-11_right,20260926_184150_408179,4996,0,4967,30,33.324219,0,0,0,0,0,0,0,0,0,0
trainsets,sine-35deg-both_seg-id-12_left,20260926_211722_313452,7403,1,7198,30,33.351074,7,0,0,0,0,0,0,0,0,0
trainsets,sine-35deg-both_seg-id-12_right,20260926_183818_269347,4443,0,4412,30,33.342773,1,0,0,0,0,0,0,0,0,0
trainsets,sine-35deg-both_seg-id-13_left,20260926_211213_939412,7437,0,7406,30,33.340577,1,0,0,0,0,0,0,0,0,0
trainsets,sine-35deg-both_seg-id-13_right,20260926_183454_860859,4479,0,4276,30,33.342773,6,0,0,0,0,0,0,0,0,0
trainsets,sine-35deg-both_seg-id-14_left,20260926_210702_185369,7446,0,7098,30,33.340332,11,0,0,0,0,0,0,0,0,0
trainsets,sine-35deg-both_seg-id-14_right,20260926_182723_988066,4949,0,4920,30,33.342774,0,0,0,0,0,0,0,0,0,0
trainsets,sine-35deg-both_seg-id-15_left,20260926_210126_824285,7398,0,7369,30,33.340088,0,0,0,0,0,0,0,0,0,0
trainsets,sine-35deg-both_seg-id-15_right,20260926_175958_063786,5596,0,5567,30,33.343261,0,0,0,0,0,0,0,0,0,0
trainsets,sine-35deg-both_seg-id-16_left,20260926_205636_364541,6048,0,6018,30,33.3396,1,0,0,0,0,0,0,0,0,0
trainsets,sine-35deg-both_seg-id-16_right,20260926_174832_441013,5005,0,4976,30,33.341309,0,0,0,0,0,0,0,0,0,0
trainsets,sine-35deg-both_seg-id-17_left,20260926_205108_305565,7231,0,7202,30,33.338867,0,0,0,0,0,0,0,0,0,0
trainsets,sine-35deg-both_seg-id-17_right,20260926_173806_037702,5175,0,5004,30,33.344238,6,0,0,0,0,0,0,0,0,0
trainsets,sine-35deg-both_seg-id-18_front_1,20260927_125746_456844,6048,0,5990,30,33.34,1,0,0,0,0,0,0,0,0,0
trainsets,sine-35deg-both_seg-id-18_front_2,20260927_131138_463669,8458,1,8428,30,33.341552,0,0,0,0,1,1,0,1,1,0
trainsets,sine-35deg-both_seg-id-18_front_3,20260927_131835_208467,17631,36,17508,30,33.341797,0,36,36,0,36,36,0,2,18,0
trainsets,sine-35deg-both_seg-id-18_left,20260926_202928_638928,9949,0,9485,30,33.342773,15,0,0,0,0,0,0,0,0,0
trainsets,sine-35deg-both_seg-id-18_right,20260926_173345_163794,5770,30,5361,30,33.350098,14,0,0,0,0,0,0,0,0,0
trainsets,sine-35deg-both_seg-id-18_right_2,20260926_194602_588445,6905,0,6876,30,33.34,0,0,0,0,0,0,0,0,0,0
trainsets,sine-35deg-both_seg-id-1_left,20260926_221939_163433,2050,0,1932,30,33.342529,4,0,0,0,0,0,0,0,0,0
trainsets,sine-35deg-both_seg-id-1_right,20260926_194059_958366,4702,0,4526,30,33.341797,6,0,0,0,0,0,0,0,0,0
trainsets,sine-35deg-both_seg-id-2_left,20260926_221701_537927,3297,1,3236,30,33.342774,2,0,0,0,1,1,0,1,1,0
trainsets,sine-35deg-both_seg-id-2_right,20260926_193748_086603,4289,0,4260,30,33.342041,0,0,0,0,0,0,0,0,0,0
trainsets,sine-35deg-both_seg-id-3_left,20260926_221349_366437,3838,0,3809,30,33.343506,0,0,0,0,0,0,0,0,0,0
trainsets,sine-35deg-both_seg-id-3_right,20260926_193144_191327,4247,0,4218,30,33.342529,0,0,0,0,0,0,0,0,0,0
trainsets,sine-35deg-both_seg-id-4_left,20260926_220509_041238,4896,0,4867,30,33.350342,0,0,0,0,0,0,0,0,0,0
trainsets,sine-35deg-both_seg-id-4_right,20260926_192818_965271,4278,0,4249,30,33.34082,0,0,0,0,0,0,0,0,0,0
trainsets,sine-35deg-both_seg-id-5_left,20260926_220049_012849,5111,0,4936,30,33.340088,6,0,0,0,0,0,0,0,0,0
trainsets,sine-35deg-both_seg-id-5_right,20260926_192433_139097,4457,0,4428,30,33.340332,0,0,0,0,0,0,0,0,0,0
trainsets,sine-35deg-both_seg-id-6_left,20260926_215600_442707,5238,0,5120,30,33.338867,4,0,0,0,0,0,0,0,0,0
trainsets,sine-35deg-both_seg-id-6_right,20260926_192119_416060,4027,0,3911,30,33.339599,3,0,0,0,0,0,0,0,0,0
trainsets,sine-35deg-both_seg-id-7_left,20260926_215126_408298,6399,0,6166,30,33.335937,8,0,0,0,0,0,0,0,0,0
trainsets,sine-35deg-both_seg-id-7_right,20260926_191300_259158,5226,0,5050,30,33.342529,6,0,0,0,0,0,0,0,0,0
trainsets,sine-35deg-both_seg-id-8_left,20260926_214527_689765,6637,0,6376,30,33.342041,8,0,0,0,0,0,0,0,0,0
trainsets,sine-35deg-both_seg-id-8_right,20260926_190236_910623,5630,0,5512,30,33.346924,4,0,0,0,0,0,0,0,0,0
trainsets,sine-35deg-both_seg-id-9_left,20260926_214002_965334,6705,0,6299,30,33.341308,15,0,0,0,0,0,0,0,0,0
trainsets,sine-35deg-both_seg-id-9_right,20260926_185308_395345,6217,0,5954,30,33.338623,9,0,0,0,0,0,0,0,0,0
testsets,sine-35deg-both_seg-id-18_front_testset_1,20260927_130835_607619,2601,0,2572,30,33.342285,0,0,0,0,0,0,0,0,0,0
